osm_id,osm_type,type,name_en,lon,lat,name,name:zh,wikidata,wikipedia
1034639351,node,Hotel,Bulgari Hotels and Resorts Bali,,,,,,
119556418,node,Hotel,Grand Nikko Bali,,,,,,
4177911950,node,Hotel,InterContinental Bali Resort,,,,,,
3744065623,node,Hotel,Liberty Dive Resort,,,,,,
4177488289,node,Hotel,POP Hotel Kuta Beach,,,,,,
489583809,node,Hotel,Ramada Resort Benoa Bali,,,,,,
4177857642,node,Hotel,RIMBA Jimbaran Bali,,,,,,
4247996630,node,Hotel,Sadara Boutique Beach Resort,,,,,,
4177840107,node,Hotel,Sanur Paradise Plaza Hotel,,,,,,
794606886,node,Hotel,Sanur Paradise Plaza Hotel,,,,,,
4258561789,node,Hotel,Sun Island Hotel Kuta,,,,,,
132366910,way,Hotel,"The Laguna, a Luxury Collection Resort & Spa, Nusa Dua, Bali",,,,,,
128438467,node,Hotel,"The Laguna, a Luxury Collection Resort & Spa, Nusa Dua, Bali",,,,,,
132240625,way,Hotel,The Villas at AYANA Resort and Spa Bali,,,,,,
4177727592,node,Hotel,The Villas at AYANA Resort and Spa Bali,,,,,,
261089614,way,Hotel,The Vira Bali Hotel,,,,,,
4247969150,node,Hotel,The Vira Bali Hotel,,,,,,
4182516134,node,Hotel,"The Westin Resort Nusa Dua, Bali",,,,,,
132366899,way,Restaurant,Arwana Restaurant,,,,,,
317207545,node,Restaurant,Bebek Bengil (Dirty Duck Diner),,,,,,
1751873270,node,Restaurant,Cafe bali,,,,,,
4424538107,node,Restaurant,Café Des Artistes,,,,,,
4196332489,node,Restaurant,Hanging gardens Ubud,,,,,,
4358724690,node,Restaurant,Kuta Night Market,,,,,,
4178043239,node,Restaurant,Laota,,,,,,
4274714891,node,Restaurant,Locavore,,,,,,
1817538556,node,Restaurant,Mama San,,,,,,
3729596372,node,Restaurant,Revolver,,,,,,
1977779907,node,Restaurant,The Lakeview Restaurant,,,,,,
4401055968,node,Restaurant,Three Monkeys,,,,,,
925101531,node,Restaurant,Warung Made Becik,,,,,,
25159103,way,Shopping,bali collection,,,,,,
4177815168,node,Shopping,bali collection,,,,,,
361220496,way,Shopping,Beachwalk shopping mall,,,,,,
80706302,way,Shopping,Carrefour Kuta,,,,,,
4407995228,node,Shopping,denpasar junction,,,,,,
4423178580,node,Shopping,DFS Galleria Bali,,,,,,
130633772,way,Shopping,Discovery Shopping Mall,,,,,,
4180116589,node,Shopping,Discovery Shopping Mall,,,,,,
25120719,way,Shopping,Jalan Petitenget,,,,,,
166735156,way,Shopping,Jalan Seminyak,,,,,,
4414250726,node,Shopping,Krisna Oleh Oleh Khas Bali,,,,,,
260884085,way,Shopping,Lippo mall,,,,,,
3173930847,node,Shopping,Matahari,,,,,,
391619140,way,Shopping,Pura Tirta Empul Market,,,,,,
4179897521,node,Shopping,Seminyak Square,,,,,,
4376967778,node,Shopping,Tegallalang Rice Terraces Market,,,,,,
2385574277,node,Shopping,Ubud,,,,,,
2485807590,node,Tourism,Alun-Alun Puputan,,,,,,
2483312803,node,Tourism,Bali Shell Museum,,,,,,
1456270342,node,Tourism,Batuan Temple,,,,,,
1308670079,node,Tourism,Batuan Village,,,,,,
1308721836,node,Tourism,Batubulan Village,,,,,,
4436155291,node,Tourism,Bluepoint,,,,,,
122741626,way,Tourism,Borobudur Temple Compunds,,,,,,
428805386,node,Tourism,botanic garden,,,,,,
4100128689,node,Tourism,Campuhan Ridge Walk,,,,,,
2154599548,node,Tourism,Devil's Tear,,,,,,
1374638551,node,Tourism,Elephant Safari Park,,,,,,
428804451,node,Tourism,Gitgit Waterfall,,,,,,
386307269,way,Tourism,Jimbaran Fish Market,,,,,,
3891185616,node,Tourism,Kintamani Volcano,,,,,,
292801401,node,Tourism,Kintamani Volcano,,,,,,
516165315,node,Tourism,Lembongan,,,,,,
3849735168,node,Tourism,Lombok,,,,,,
374506947,way,Tourism,Monumen Perjuangan Rakyat Bali,,,,,,
986319563,node,Tourism,Monumen Yesus Memberkati,,,,,,
273955920,node,Tourism,Padang Bai,,,,,,
457417499,node,Tourism,Pemuteran Bay,,,,,,
1768296160,node,Tourism,Pura Luhur Uluwatu,,,,,,
1768296160,node,Tourism,Pura Luhur Uluwatu,,,,,,
238194818,way,Tourism,Pura Saraswati,,,,,,
260611610,way,Tourism,Seminyak Beach,,,,,,
989887758,node,Tourism,Stone Pillar,,,,,,
4423187320,node,Tourism,Taman Air Spa Bali,,,,,,
317207544,node,Tourism,Temple of the Meeting of the Three,,,,,,
319082622,way,Hotel,Aetas Lumpini,,,,,,
194876474,way,Hotel,Amari Don Muang Airport Bangkok Hotel,,,,,,
331281045,way,Hotel,Bangkok Cha-Da Hotel,,,,,,
271102924,way,Hotel,Best Western Premier Sukhumvit,,,,,,
157522277,way,Hotel,Grande Centre Point Ratchadamri Hotel,,,,,,
4355715911,node,Hotel,Holiday Inn Express Bangkok Siam,,,,,,
333177956,way,Hotel,Holiday Inn Express Bangkok Siam,,,,,,
393471476,way,Hotel,Holiday Inn Express Bangkok Siam,,,,,,
4283507589,node,Hotel,Hotel Indigo Bangkok Wireless Road,,,,,,
151982337,way,Hotel,Hotel Novotel Bangkok Impact,,,,,,
230903173,way,Hotel,Pullman Bangkok King Power,,,,,,
176195931,way,Hotel,S31 Sukhumvit Hotel,,,,,,
2310928058,node,Hotel,Siam Swana Hotel,,,,,,
369335001,way,Hotel,Spb Paradise Hotel,,,,,,
4460300490,node,Hotel,The Krungkasem Srikrung Hotel,,,,,,
3155881803,node,Hotel,True Siam Hotel,,,,,,
450762925,way,Hotel,Unico Premier MetroLink,,,,,,
261527060,way,Hotel,W Bangkok,,,,,,
261487463,way,Restaurant,blue elephant,,,,,,
3096836191,node,Restaurant,Canton House,,,,,,
3096836170,node,Restaurant,Chiang Kii,,,,,,
4481407698,node,Restaurant,Kai Thawt Jay Kii (Soi Polo Fried Chicken),,,,,,
162173507,way,Restaurant,Na Phra Lan,,,,,,
2398070812,node,Restaurant,naj esuisite thai cuisine,,,,,,
4134821820,node,Restaurant,Napa on 26,,,,,,
3455634366,node,Restaurant,Pizzeria Bella Napoli,,,,,,
358876587,node,Restaurant,Sirocco&Sky Bar,,,,,,
3903083617,node,Restaurant,Sky High,,,,,,
4219849289,node,Restaurant,Somboon Seafood,,,,,,
27767517,way,Restaurant,The Seafood Bar,,,,,,
1639149614,node,Restaurant,Vertigo Restaurant & Moon Bar,,,,,,
25787548,way,Shopping,Amarin plaza,,,,,,
25506367,way,Shopping,central chitlom department store,,,,,,
157482067,way,Shopping,Central World Plaza,,,,,,
268632501,node,Shopping,Damnoen Saduak Floating Market,,,,,,
3278158561,node,Shopping,empire tailors,,,,,,
157515536,way,Shopping,Gaysorn Plaza,,,,,,
200980891,way,Shopping,Jim Thompson Thai Silk,,,,,,
230903171,way,Shopping,King Power Duty Free Shop（Bangkok Downtown）,,,,,,
4410789191,node,Shopping,King Power Suvarnabhumi,,,,,,
342182317,way,Shopping,River City Complex,,,,,,
4157428192,node,Shopping,Sampeng Lane Market,,,,,,
2203974487,node,Shopping,Sukhumvit,,,,,,
1969566860,node,Shopping,Tesco Lotus,,,,,,
31141613,way,Shopping,The Platinum Fashion Mall,,,,,,
2074694270,node,Tourism,Asiatique The Riverfront,,,,,,
218136534,way,Tourism,Bang Pa-in Royal Palace,,,,,,
124857541,way,Tourism,Bangkok Dream World,,,,,,
25031221,way,Tourism,Bridge Over The River Kwai,,,,,,
4357829394,node,Tourism,Health Land Asoke,,,,,,
324194884,way,Tourism,Health Land Ekamai,,,,,,
205714164,way,Tourism,Maeklong Railway Market,,,,,,
248978431,way,Tourism,Museum of Contemporary Art,,,,,,
205637198,way,Tourism,Queen's Gallery,,,,,,
33042465,way,Tourism,Rama IX Royal Park,,,,,,
1225375252,node,Tourism,Samphram Elephant Ground & Zoo,,,,,,
2156859030,node,Tourism,siam park city,,,,,,
25701345,way,Tourism,Supachalasai National Stadium,,,,,,
166114555,way,Tourism,The Ancient City,,,,,,
82539401,way,Tourism,The Chakri Group,,,,,,
1641043364,node,Tourism,the erawan museum,,,,,,
3977891357,node,Tourism,The Grand Palace,,,,,,
1572033357,node,Tourism,Wat Bang kung,,,,,,
39885336,way,Tourism,Wat Khaek,,,,,,
333227704,way,Tourism,wat rakhang,,,,,,
228099647,way,Tourism,Wat Ratchaburana,,,,,,
1030346574,node,Hotel,Anantara Chiang Mai Resort & Spa,,,,,,
3416932285,node,Hotel,Deng Ba Hostel Chiangmai,,,,,,
254597955,way,Hotel,Eastin Tan Hotel Chiang Mai,,,,,,
305818862,way,Hotel,Four Seasons Resort Chiang Mai,,,,,,
3417181187,node,Hotel,Galare Guest House,,,,,,
3317919566,node,Hotel,Galato Coffee Hostel,,,,,,
3385506531,node,Hotel,Gong Kaew Huen Kum,,,,,,
233735956,way,Hotel,Holiday Garden Hotel,,,,,,
3843126640,node,Hotel,Kikie's House,,,,,,
220976892,way,Hotel,Le Méridien Chiang Mai,,,,,,
3134799182,node,Hotel,Santitham Guest House,,,,,,
440038015,way,Hotel,"Shangri - La Hotel, Chiang Mai",,,,,,
319812106,way,Hotel,Sleep Box Hotel,,,,,,
2478592340,node,Hotel,Sukantara Cascade Resort,,,,,,
2648443313,node,Restaurant,Antique House,,,,,,
2468510964,node,Restaurant,Bake & Bite,,,,,,
1127348098,node,Restaurant,Bake & Bite,,,,,,
336236481,node,Restaurant,Black Canyon Coffee,,,,,,
907784576,node,Restaurant,Black Canyon Coffee,,,,,,
1474872898,node,Restaurant,Black Canyon Coffee,,,,,,
2341954681,node,Restaurant,Black Canyon Coffee,,,,,,
418044600,way,Restaurant,Cafe de Nimman,,,,,,
4189548189,node,Restaurant,Da's Bakery,,,,,,
1616475018,node,Restaurant,"Deck 1, Rarinjinda Wellness Spa Resort",,,,,,
3944284363,node,Restaurant,Funan Garden,,,,,,
3456825435,node,Restaurant,Funky Dog Cafe,,,,,,
907695425,node,Restaurant,Houn Soontaree Vechanont,,,,,,
1628665600,node,Restaurant,Huen Phen,,,,,,
3211600661,node,Restaurant,Khaomao Khaofang Restaurants,,,,,,
367745512,way,Restaurant,Old Chiang Mai Cultural Centre,,,,,,
336236936,node,Restaurant,Pulcinella da Stefano,,,,,,
2125935593,node,Restaurant,Raming Tea House,,,,,,
1057660774,node,Restaurant,River Side Bar & Restaurant,,,,,,
336236396,node,Restaurant,Sailomjoy Resturant,,,,,,
3421308695,node,Restaurant,SUMO Sushi,,,,,,
1617076549,node,Restaurant,Taste From Heaven,,,,,,
1974678186,node,Shopping,Adorn with Studio Naenna,,,,,,
1641043320,node,Shopping,Baan Tawai,,,,,,
233741339,way,Shopping,Bann Thawai?,,,,,,
2117270441,node,Shopping,Big C,,,,,,
3107122236,node,Shopping,Big C,,,,,,
3490774894,node,Shopping,Big C,,,,,,
77088773,way,Shopping,Big C,,,,,,
189469591,way,Shopping,Big C,,,,,,
384456229,way,Shopping,Big C,,,,,,
444091640,way,Shopping,Big C,,,,,,
58002192,way,Shopping,Big C,,,,,,
892755491,node,Shopping,Boots,,,,,,
87710118,way,Shopping,Central Airport Plaza,,,,,,
317626934,way,Shopping,Central Festival,,,,,,
254011801,way,Shopping,Central Festival,,,,,,
5376193,relation,Shopping,Kad Suan Kaew Shopping Centre,,,,,,
249154472,way,Shopping,MAYA Lifestyle Shopping Center,,,,,,
342886913,way,Shopping,Nimmana Haeminda Road,,,,,,
442657700,node,Shopping,Rimping Super Market,,,,,,
335541194,way,Shopping,Think Park,,,,,,
1584310003,node,Shopping,Vila Cini,,,,,,
89039067,way,Shopping,Warorot Market,,,,,,
24029209,way,Tourism,Ang Kaew,,,,,,
344098405,way,Tourism,Bai Orchid and Butterfly Farm,,,,,,
4430138378,node,Tourism,Chiang Mai Gate,,,,,,
297682420,way,Tourism,Chiang Mai University Art Museum,,,,,,
5944548,relation,Tourism,Doi Suthep,,,,,,
2488990970,node,Tourism,Flight of the Gibbon,,,,,,
1138705995,node,Tourism,Green Bamboo Massage,,,,,,
302732566,way,Tourism,Hmong Village,,,,,,
22375760,way,Tourism,Huay Tung Tao Lake,,,,,,
1595548120,node,Tourism,Kruba Srivichai Monument,,,,,,
1076662876,node,Tourism,Let's Relax,,,,,,
24039333,way,Tourism,Mae Ngat Dam,,,,,,
375794696,way,Tourism,Maetang Elephant Camp,,,,,,
256144284,way,Tourism,Mon Jam,,,,,,
2581514287,node,Tourism,Pai,,,,,,
2300193207,node,Tourism,Pha Chor,,,,,,
4307452590,node,Tourism,Ploen Ruedee Night Market,,,,,,
186782433,way,Tourism,Royal Flora Ratchaphruek,,,,,,
330909787,way,Tourism,Tiger Kingdom,,,,,,
320601922,way,Tourism,Wat Fon Soi,,,,,,
1211677610,node,Tourism,Wat Ketkaram,,,,,,
352321202,way,Tourism,Wat Mahawan,,,,,,
250690123,way,Tourism,Wat Monthian,,,,,,
243018378,way,Tourism,Wat Phan Tao,,,,,,
3945388644,node,Tourism,Wat Phra That Doi Suthep,,,,,,
309886989,way,Tourism,Wat Sisuphan,,,,,,
309886989,way,Tourism,Wat Srisuphan,,,,,,
4350066707,node,Tourism,Wiang Kum Kam,,,,,,
973961107,node,Hotel,Boss Hotel,,,,,,
708695656,node,Hotel,Camellia 5 Hotel,,,,,,
4318026789,node,Hotel,Camellia 5 Hotel,,,,,,
2859940473,node,Hotel,Flamingo Hotel,,,,,,
321329256,way,Hotel,InterContinental Hanoi Westlake,,,,,,
977668026,node,Hotel,Nam Hai hotel,,,,,,
37933426,way,Hotel,Sofitel Legend Metropole Hanoi,,,,,,
310727632,node,Restaurant,Banh tom Ho Tay,,,,,,
4485140196,node,Restaurant,Cha Ca La Vong,,,,,,
4417959389,node,Restaurant,Cha Ca La Vong,,,,,,
4358622593,node,Restaurant,Food Shop 45,,,,,,
4327534896,node,Restaurant,Noodle & roll Restaurant,,,,,,
4335023597,node,Restaurant,Noodle & roll Restaurant,,,,,,
4226771601,node,Restaurant,Pho Bat Dan Restaurant,,,,,,
721836715,node,Restaurant,Quan An Ngon Restaurant,,,,,,
3496893646,node,Restaurant,Quan An Ngon Restaurant,,,,,,
443000681,node,Restaurant,SenTay Ho Restaurant,,,,,,
4428977390,node,Restaurant,Song Huong - Traditional Hue Food,,,,,,
4210706604,node,Restaurant,Xoi Yen Restaurant,,,,,,
4285825592,node,Shopping,Bát Tràng,,,,,,
120409031,way,Shopping,Big C Hanoi,,,,,,
4489385889,node,Shopping,Night Market,,,,,,
399558867,way,Shopping,Times City,,,,,,
4171931890,node,Shopping,Vincom Mega Mall Royal City,,,,,,
442970062,node,Tourism,Ambassadors' Pagoda,,,,,,
718495525,node,Tourism,Army Museum,,,,,,
445345252,node,Tourism,Bach Ma Temple,,,,,,
445345252,node,Tourism,Bach Ma Temple,,,,,,
207178319,way,Tourism,Botanical Gardens,,,,,,
446043493,node,Tourism,Botanical Gardens,,,,,,
220302249,way,Tourism,Chua Tran Quoc,,,,,,
37629570,way,Tourism,Hanoi presidential palace,,,,,,
2984385288,node,Tourism,Hanoi University of Vietnam,,,,,,
9635863,way,Tourism,Hanoi West Lake,,,,,,
28945667,way,Tourism,Hanoi Zoo,,,,,,
37625751,way,Tourism,Ho Chi Minh Mausoleum Complex,,,,,,
9566396,way,Tourism,Hoàn Kiem,,,,,,
185540946,way,Tourism,Lenin Park,,,,,,
37629143,way,Tourism,Museum Of Independence,,,,,,
37933258,way,Tourism,Museum of the Vietnamese Revolution,,,,,,
718495520,node,Tourism,Museum Of Vietnamese Women,,,,,,
178995262,way,Tourism,Ngoc Son Temple,,,,,,
207178320,way,Tourism,Quan Thanh Temple,,,,,,
2377017,relation,Tourism,Red River,,,,,,
220302249,way,Tourism,Tay Ho Pagoda,,,,,,
217793880,way,Tourism,Thang Long Citadel,,,,,,
178995269,way,Tourism,Tháp Rùa,,,,,,
9965952,way,Tourism,Truc Bach Lake,,,,,,
718495525,node,Tourism,Viet Nam Military History Museum,,,,,,
445390253,node,Tourism,Vietnam Fine Arts Museum,,,,,,
3499083026,node,Hotel,Grand Anka Hotel,,,,,,
2517174561,node,Hotel,Gulhane Corner Hotel,,,,,,
2524535697,node,Hotel,Sultanahmet Palace,,,,,,
180968739,way,Hotel,Swissotel The Bosphorus,,,,,,
4233065395,node,Restaurant,Antakya Restaurant,,,,,,
276462508,way,Restaurant,Beyti Restaurant,,,,,,
3090816365,node,Restaurant,House Of Medusa,,,,,,
4419254702,node,Restaurant,Karadeniz Aile Pide Ve Kebap Salonu,,,,,,
3090798091,node,Restaurant,Pasazade Restaurant Ottoman Cuisine,,,,,,
3499179012,node,Restaurant,Sefa Restaurant,,,,,,
3457985526,node,Restaurant,Sultan Pub,,,,,,
3888332286,node,Restaurant,Sultania Cafe & Bistro,,,,,,
1394975639,node,Shopping,Ali Muhiddin Haci Bekir,,,,,,
2246604104,node,Shopping,Hafiz Mustafa 1864,,,,,,
152274167,way,Shopping,Kanyon,,,,,,
329227859,way,Shopping,Sahaflar Bazaar,,,,,,
329227859,way,Shopping,Sahaflar Çarşısı,,,,,,
228374153,way,Shopping,Tezgah Alley,,,,,,
24791813,way,Tourism,Atatürk Cultural Centre (AKM),,,,,,
3657448724,node,Tourism,Bigudi Pub,,,,,,
24826707,way,Tourism,Dolmabahe Palace,,,,,,
976474174,node,Tourism,Fatih Mosque,,,,,,
11002513,way,Tourism,Forum of Constantine,,,,,,
4481947389,node,Tourism,Galata Mevlevi Museum,,,,,,
2201659666,node,Tourism,Sadberk Hanim Museum,,,,,,
218366324,way,Tourism,SantralIstanbul Art Museum,,,,,,
4567928,relation,Tourism,Sokollu Mehmet Pa?a Mosque,,,,,,
398128605,way,Tourism,Sultan Ahmed Mosque (Blue Mosque),,,,,,
398128605,way,Tourism,Topkapi Palace Museum,,,,,,
313876238,way,Hotel,Hotel Good Inn,,,,,,
368662882,node,Hotel,Jeju Dongyang Hotel,,,,,,
368662405,node,Hotel,Jeju Poonglim Resort,,,,,,
368944957,node,Hotel,Jeju Soldaewat Pension,,,,,,
375497129,way,Hotel,Phoenix Island,,,,,,
568995198,node,Hotel,Shineville Resort,,,,,,
368954124,node,Restaurant,Hotel Sun Beach,,,,,,
4464722791,node,Restaurant,Hwaro Hyang,,,,,,
4416285892,node,Restaurant,Noodle Street,,,,,,
4456303492,node,Restaurant,Paris Baguette,,,,,,
2455282301,node,Restaurant,Rothem pension,,,,,,
373162502,way,Restaurant,Sanho Jeonbok,,,,,,
372712350,way,Shopping,Cheju Underground Shopping Street,,,,,,
372712350,way,Shopping,Chilsungro Shopping Town,,,,,,
371656275,way,Shopping,E-Mart,,,,,,
278023980,way,Shopping,E-Mart,,,,,,
356434618,way,Shopping,ETUDE HOUSE,,,,,,
353211436,way,Shopping,Jeju 5-day market,,,,,,
1904543636,node,Shopping,Jeju City Hall,,,,,,
368868542,node,Shopping,Jeju East Traditional Market,,,,,,
372302163,way,Shopping,Jeju Folk Five-Day Interval Market,,,,,,
143197620,way,Shopping,Korea Ginseng,,,,,,
3759813171,node,Shopping,Lotte Duty Free Store,,,,,,
250718035,way,Shopping,The Shilla Duty Free,,,,,,
374039423,way,Shopping,The Shilla Duty Free Jeju,,,,,,
372522610,way,Tourism,Bijarim Forest,,,,,,
368733805,node,Tourism,Cheju Island Chocolate Museum,,,,,,
370213057,way,Tourism,Gwandeokjeong,,,,,,
368735470,node,Tourism,Haenyeo Museum,,,,,,
368866237,node,Tourism,Halla Arboretum,,,,,,
372067002,way,Tourism,Hallim Park,,,,,,
368950777,node,Tourism,Hamdeo Seaside Bath,,,,,,
352594467,way,Tourism,Jeju Aerospace Museum,,,,,,
325066410,node,Tourism,Jeju Country Club,,,,,,
372358112,way,Tourism,Jeju Folklore and Natural History Museum,,,,,,
3752036034,node,Tourism,Jeju Glass Castle,,,,,,
242553870,way,Tourism,Jeju international peace center,,,,,,
2457564574,node,Tourism,Jeju Museum of Contemporary Art,,,,,,
375497791,way,Tourism,Jeju Trickeye Museum,,,,,,
253976811,way,Tourism,Kimnyoung Maze Park,,,,,,
375334000,way,Tourism,Locadio World,,,,,,
893995326,node,Tourism,Manjang Cave,,,,,,
369809426,way,Tourism,National Jeju Museum,,,,,,
892951053,node,Tourism,Samsung Hyeol,,,,,,
406934946,way,Tourism,Samyang Beach,,,,,,
2598237154,node,Tourism,Sangumburi Crater,,,,,,
371667202,way,Tourism,Spirited Garden,,,,,,
249857724,way,Tourism,Teddy Bear Safari Teseum,,,,,,
369786684,way,Tourism,Teddy Valley Golft,,,,,,
150677378,way,Hotel,Aloft Kuala Lumpur Sentral,,,,,,
24582196,way,Hotel,Casa Mutiara Service Apartment,,,,,,
4211714691,node,Hotel,Doubletree by Hilton Hotel Kuala Lumpur,,,,,,
4226401111,node,Hotel,Fernloft KL@ Chinatown,,,,,,
1753356320,node,Hotel,Flamingo By The Lake,,,,,,
4238799691,node,Hotel,Geo Hotel Kuala Lumpur,,,,,,
1349431197,node,Hotel,Hotel Sri Petaling,,,,,,
2959148094,node,Hotel,Hotel Summer View,,,,,,
23034610,way,Hotel,InterContinental Kuala Lumpur,,,,,,
4186767146,node,Hotel,Lotus Hotel K L Sentral,,,,,,
3340727305,node,Hotel,Pacific Regency Hotel Suites,,,,,,
1812003919,node,Hotel,Sani Hotel,,,,,,
4342588423,node,Hotel,Submarine Guest House China Town,,,,,,
1770397776,node,Hotel,The Royale Chulan Kuala Lumpur,,,,,,
50882141,way,Hotel,"Traders Hotel, Kuala Lumpur",,,,,,
3788466249,node,Restaurant,Chinese-Hakka Cuisine,,,,,,
1545766728,node,Restaurant,La Risata (Ampang / Damansara),,,,,,
2968981965,node,Restaurant,Nam Heong Chicken Rice,,,,,,
4423264501,node,Restaurant,Nam Heong Chicken Rice,,,,,,
4240687691,node,Restaurant,Old China Cafe,,,,,,
1640445207,node,Restaurant,Old Town White Coffee,,,,,,
4217208789,node,Restaurant,Yut Kee,,,,,,
390547190,node,Shopping,Avenue K,,,,,,
337183425,way,Shopping,Capsquare,,,,,,
4395697089,node,Shopping,Chow Kit Market,,,,,,
280182952,way,Shopping,Imbi Plaza,,,,,,
341826385,node,Shopping,Pasar Malam,,,,,,
341826394,node,Shopping,Pasar Malam,,,,,,
341826434,node,Shopping,Pasar Malam,,,,,,
361351323,node,Shopping,Pasar Malam,,,,,,
362381577,node,Shopping,Pasar Malam,,,,,,
405211749,node,Shopping,Pasar Malam,,,,,,
122455069,way,Shopping,Royal Selangor,,,,,,
133076254,way,Shopping,Sunway Pyramid Shopping Center,,,,,,
107998480,node,Shopping,The Curve,,,,,,
4124561552,node,Tourism,City Gallery,,,,,,
3322789787,node,Tourism,Deer Park,,,,,,
3310818921,node,Tourism,Dharma Realm Guan Yin Sagely Monastery,,,,,,
2518511801,node,Tourism,Hibiscus Garden,,,,,,
4277923290,node,Tourism,Kuala Lumpur Guan Yin Si,,,,,,
148018446,way,Tourism,Malaysia Agriculture Park,,,,,,
244264278,way,Tourism,Masjid Albukhary,,,,,,
1537737630,node,Tourism,Masjid Jamek,,,,,,
4283481889,node,Tourism,National History Museum,,,,,,
158527518,way,Tourism,National Science Center,,,,,,
648858711,node,Tourism,Petronas Towers,,,,,,
3645616837,node,Tourism,Rumah Penghulu Abu Seman,,,,,,
343508974,node,Tourism,Taman Tasik Titiwangsa,,,,,,
28215347,way,Tourism,The Sri Maha Mariamman Temple,,,,,,
4269870191,node,Hotel,Almont Hotel Kyoto,,,,,,
268192643,way,Hotel,ANA Crowne Plaza Kyoto,,,,,,
2408980085,node,Hotel,Ibis Styles Kyoto Station,,,,,,
305179813,node,Hotel,Kyoto Royal Hotel & Spa,,,,,,
601836463,node,Hotel,Kyoto Tower Hotel,,,,,,
3259699661,node,Hotel,Royal Park Hotel The Kyoto,,,,,,
2961154840,node,Hotel,Sakura?Terrace,,,,,,
4151038489,node,Hotel,Sakura?Terrace,,,,,,
3259204564,node,Restaurant,Arashiyamayoshimura,,,,,,
4387240008,node,Restaurant,Gogyo,,,,,,
2966837992,node,Restaurant,Katsukura Sanjohonten,,,,,,
426359867,way,Restaurant,Oimatsuarashiyamaten,,,,,,
3844206474,node,Restaurant,Shoraian,,,,,,
4365798689,node,Restaurant,Tsujiri Honten,,,,,,
4481178393,node,Shopping,Avanti,,,,,,
205748651,way,Shopping,Daimaru Shinsaibashi,,,,,,
4370742886,node,Shopping,Family Mart,,,,,,
2367201313,node,Shopping,Kyoto Handicraft Center,,,,,,
601838668,node,Shopping,Kyoto station,,,,,,
188997958,way,Shopping,Nishijin,,,,,,
4481034191,node,Shopping,Shinkyogoku mall,,,,,,
1969966006,node,Shopping,Takashimaya,,,,,,
344481002,way,Shopping,Takashimaya,,,,,,
4234169990,node,Shopping,Yojiya,,,,,,
1936156791,node,Tourism,Bishamon-dō Temple,,,,,,
404678473,way,Tourism,Enryaku-ji,,,,,,
301527733,way,Tourism,Fushimi Inari Shrine,,,,,,
390069758,way,Tourism,Goju no To,,,,,,
720256665,node,Tourism,Kasamatsu Park,,,,,,
351136449,way,Tourism,Kawai shrine,,,,,,
316011169,way,Tourism,Kumano Nyakuoji Shrine,,,,,,
343426761,way,Tourism,Kuramadera Temple,,,,,,
99448226,way,Tourism,Kyoto Gyoen National Garden,,,,,,
98103477,node,Tourism,Ryoanji,,,,,,
4355966389,node,Tourism,Saimyō-ji,,,,,,
260121328,way,Tourism,Senbon Torii,,,,,,
99145408,way,Tourism,Sentō Gosho,,,,,,
429118673,way,Tourism,Uji Bridge,,,,,,
1422963059,node,Tourism,Uji Genji Musuem,,,,,,
121131295,way,Tourism,Umekoji Park,,,,,,
221472781,way,Tourism,Zuishinin,,,,,,
4258073,way,Hotel,51 Buckingham Gate,,,,,,
160140566,way,Hotel,Apex London Wall Hotel,,,,,,
1159556764,node,Hotel,Arriva Hotel,,,,,,
120355003,way,Hotel,Base2stay,,,,,,
254025974,node,Hotel,Crestfield Hotel,,,,,,
95300764,way,Hotel,Duke Of Leinster Hotel 伦斯特公爵酒店）,,,,,,
42321139,way,Hotel,Gower Hotel,,,,,,
89961119,way,Hotel,H10 London Waterloo,,,,,,
95425266,way,Hotel,Holiday Inn London Kensington Forum,,,,,,
62234825,way,Hotel,K+K Hotel George,,,,,,
3274305,relation,Hotel,Park Plaza Victoria London,,,,,,
603116285,node,Hotel,Radisson Blu Edwardian Mercer Street Hotel,,,,,,
874823378,node,Hotel,The Montague on the Gardens,,,,,,
184419081,way,Hotel,The Soho Hotel,,,,,,
362164414,way,Restaurant,Barossa,,,,,,
2251078681,node,Restaurant,Burger and Lobster - Mayfair,,,,,,
157771355,way,Restaurant,DOZO,,,,,,
2350012626,node,Restaurant,Laduree,,,,,,
1285073336,node,Restaurant,Meze Mangal,,,,,,
2624165040,node,Restaurant,Patisserie Deux Amie,,,,,,
1230827961,node,Restaurant,Sardo,,,,,,
288394417,way,Restaurant,Soho Joe,,,,,,
97175538,way,Restaurant,St John's,,,,,,
576403603,node,Restaurant,Vincent Rooms,,,,,,
888615322,node,Restaurant,Zucca - Bermondsey St.,,,,,,
1097744275,node,Shopping,Abercrombie & Fitch,,,,,,
692190694,node,Shopping,Algerian Coffee Stores,,,,,,
534622248,node,Shopping,Burberry Factory Shop,,,,,,
290081125,way,Shopping,Camper（Old Bond）,,,,,,
40863717,way,Shopping,Emporio Armani,,,,,,
25696035,way,Shopping,Greenwich Market,,,,,,
320420935,way,Shopping,Links of London,,,,,,
2967342479,node,Shopping,Links of London,,,,,,
3310091767,node,Shopping,Links of London,,,,,,
1896158174,node,Shopping,Lulu Guinness,,,,,,
654107285,node,Shopping,Marks & Spencer（Oxford St）,,,,,,
352896490,node,Shopping,Neal’s Yard Remedies,,,,,,
610974580,node,Shopping,Primark（Oxford St）,,,,,,
290461911,way,Shopping,Reiss（Vigo Store）,,,,,,
2379150442,node,Shopping,Royal Selangor,,,,,,
1425277892,node,Shopping,Topshop,,,,,,
60693939,way,Tourism,Battersea Park Children's Zoo,,,,,,
127350090,way,Tourism,BMX Track,,,,,,
2428671488,node,Tourism,Comedy Club,,,,,,
502584174,node,Tourism,Fo Guang Shan Temple,,,,,,
4030635565,node,Tourism,New London Architecture,,,,,,
3661486904,node,Tourism,Olympic Village,,,,,,
30863528,node,Tourism,Orelans House Gallery,,,,,,
510786764,node,Tourism,Petrie Museum,,,,,,
5096880,way,Tourism,Royal Blackheath Golf Club,,,,,,
1490680047,node,Tourism,St Peter's Church,,,,,,
274879889,way,Tourism,Streatham Ice Rink,,,,,,
184236905,way,Tourism,The Royal Artillery Barracks,,,,,,
3060887211,node,Tourism,The View from the Shard,,,,,,
4123733983,node,Hotel,Budget Inn Hollywood,,,,,,
4353711299,node,Hotel,Crowne Plaza Los Angeles Airport,,,,,,
323294287,way,Hotel,Hilton Los Angeles Airport,,,,,,
24720417,way,Hotel,Hilton Los Angeles/San Gabriel,,,,,,
4441302123,node,Hotel,Holiday Inn Los Angeles-Intl Airport,,,,,,
1718756271,node,Hotel,Los Angeles Airport Marriott,,,,,,
423021317,way,Hotel,Motel 6 Hollywood,,,,,,
1097094376,node,Hotel,Motel 6 Rosemead,,,,,,
4102239668,node,Hotel,Palihouse Santa Monica,,,,,,
4125339870,node,Hotel,Quality Inn Near Long Beach Airport,,,,,,
391383681,way,Hotel,Sofitel Los Angeles at Beverly Hills,,,,,,
420147165,way,Hotel,Super 8 Hollywood,,,,,,
699596636,node,Hotel,Travelodge Ocean Front,,,,,,
3795867780,node,Restaurant,BCD Tofu House,,,,,,
79388499,way,Restaurant,Chengdu Taste,,,,,,
471255269,node,Restaurant,Drago Ristorante,,,,,,
424024157,way,Restaurant,In-N-Out burger,,,,,,
3855965601,node,Restaurant,Intelligentsia,,,,,,
4259783966,node,Restaurant,Langer's Deli,,,,,,
423023346,way,Restaurant,Mario's Peruvian Seafood,,,,,,
2363521786,node,Restaurant,Native Foods,,,,,,
159098112,way,Restaurant,Restaurant at the Getty Center,,,,,,
3143568324,node,Restaurant,Scoops,,,,,,
1153889716,node,Restaurant,Sushi-Gen,,,,,,
576992699,node,Restaurant,The Boiling Crab,,,,,,
642708989,node,Shopping,Bloomingdale's,,,,,,
2406440684,node,Shopping,Central Plaza Chinatown,,,,,,
427942808,way,Shopping,Grand Central Market,,,,,,
349378688,way,Shopping,La Brea Bakery,,,,,,
423889766,way,Shopping,Melrose Avenue,,,,,,
2285787888,node,Shopping,Saks Fifth Avenue,,,,,,
158655901,way,Shopping,South Coast Plaza Shopping Center,,,,,,
400585085,way,Shopping,Sunset Blvd,,,,,,
175760816,way,Tourism,Canal Walk,,,,,,
1860026463,node,Tourism,Jurassic Park——The Ride,,,,,,
6339119,relation,Tourism,La Brea Tar Pits and Museum,,,,,,
368167145,node,Tourism,MAK Center for Art and Architecture -- Schindler House,,,,,,
358816692,node,Tourism,Malibu Beach,,,,,,
368174050,node,Tourism,Museum of the American West,,,,,,
420679719,way,Tourism,Otis College of Art and Design Gallery,,,,,,
368171691,node,Tourism,Palm Springs,,,,,,
6103417,relation,Tourism,Santa Monica Beach,,,,,,
218925531,way,Tourism,Santa Monica Swim Center,,,,,,
368170606,node,Tourism,Solvang,,,,,,
381189683,way,Tourism,Sunset Strip,,,,,,
368171340,node,Tourism,The Greek Theatre,,,,,,
4434875689,node,Hotel,Ameritania at Times Square,,,,,,
266170536,way,Hotel,Casablanca Hotel,,,,,,
1707825825,node,Hotel,DoubleTree by Hilton New York Times Square South,,,,,,
1273406878,node,Hotel,DoubleTree Suites by Hilton Hotel New York City - Times Square,,,,,,
264625640,way,Hotel,Dream Downtown,,,,,,
266084216,way,Hotel,Fairfield Inn & Suites New York Manhattan/Times Square,,,,,,
3822448402,node,Hotel,Hilton Garden Inn Times Square,,,,,,
3778811,relation,Hotel,Hilton New York JFK Airport,,,,,,
2703424151,node,Hotel,Holiday Inn Express Madison Square Garden,,,,,,
207556738,way,Hotel,Holiday Inn NYC - Lower East Side,,,,,,
1285871683,node,Hotel,Hotel Novotel New York Times Square,,,,,,
266151925,way,Hotel,Mayfair New York,,,,,,
368061315,node,Hotel,Shoreham Hotel,,,,,,
3829129593,node,Hotel,"West Tower at ONE UN New York, formerly Millennium UN Plaza",,,,,,
4243429396,node,Restaurant,21 club,,,,,,
3969879899,node,Restaurant,Chick-fil-A,,,,,,
3972056717,node,Restaurant,Chick-fil-A,,,,,,
4271528490,node,Restaurant,Chick-fil-A,,,,,,
4454392489,node,Restaurant,Gyukaku,,,,,,
1667407048,node,Restaurant,Levain Bakery,,,,,,
4300475590,node,Restaurant,Los Tacos No.1,,,,,,
3837607014,node,Restaurant,Luke's Lobster,,,,,,
270985138,node,Restaurant,McDonald's,,,,,,
3248774699,node,Shopping,Barneys New York,,,,,,
999526131,node,Shopping,century 21,,,,,,
1695866185,node,Shopping,century 21,,,,,,
2830623176,node,Shopping,century 21,,,,,,
4479637590,node,Shopping,century 21,,,,,,
4283625389,node,Shopping,Henri Bendel,,,,,,
999472957,node,Shopping,JC Penny,,,,,,
2678783480,node,Shopping,M&M's World,,,,,,
1427521107,node,Shopping,New York Yankees Clubhouse,,,,,,
3248774691,node,Shopping,Swatch,,,,,,
2020487653,node,Tourism,"Asser Levy Recreation Center, Pool & Playground",,,,,,
2555126667,node,Tourism,Landmark Sunshine Cinema,,,,,,
368045750,node,Tourism,New York City Criminal Court,,,,,,
4097207416,node,Tourism,One World Observatory,,,,,,
266941348,way,Tourism,St. Nicholas Russian Orthodox Cathedral,,,,,,
2311190720,node,Tourism,Statue of Liberty,,,,,,
1854085224,node,Hotel,Cross Hotel Osaka,,,,,,
1740980772,node,Hotel,Hearton Hotel Nishi Umeda,,,,,,
1821034903,node,Hotel,Hearton Hotel Shinsaibashi,,,,,,
2723561565,node,Hotel,Hotel Monterey Grasmere Osaka,,,,,,
521649530,node,Hotel,Hotel Monterey La Soeur Osaka,,,,,,
2163545987,node,Hotel,Imperial Hotel Osaka,,,,,,
2492271827,node,Hotel,InterContinental Hotel Osaka,,,,,,
3646933794,node,Hotel,Mitsui Garden Hotel Osaka Premier,,,,,,
3742242683,node,Hotel,Richmond Hotel Namba Daikokucho,,,,,,
1287005062,node,Hotel,Swissotel Nankai Osaka Hotel,,,,,,
4243186889,node,Restaurant,dotombori,,,,,,
3523016537,node,Restaurant,Dotonboriimaihonten,,,,,,
2603567733,node,Restaurant,Elle,,,,,,
1736430756,node,Restaurant,Fujiya 1935,,,,,,
3507545615,node,Restaurant,Ichiran,,,,,,
230770061,way,Restaurant,KIZI,,,,,,
3800314597,node,Restaurant,Osaka Takoyaki Museum,,,,,,
224356727,way,Restaurant,Shin-Akashi,,,,,,
2702878605,node,Shopping,Daimaru,,,,,,
3409777236,node,Shopping,Daimaru,,,,,,
3409777237,node,Shopping,Daimaru,,,,,,
1740969658,node,Shopping,Daimaru,,,,,,
178942581,way,Shopping,Grand Front Osaka,,,,,,
1740969655,node,Shopping,Hankyu Department Store,,,,,,
3668881125,node,Shopping,Hankyu San Bangai,,,,,,
178942581,way,Shopping,ITO-YA(GRAND FRONT Osaka),,,,,,
253771994,way,Shopping,JR Osaka Station City,,,,,,
1906846970,node,Shopping,MUJI,,,,,,
3060407062,node,Shopping,MUJI,,,,,,
447587574,node,Shopping,Osaka Takashimaya,,,,,,
4242361712,node,Shopping,Osaka Tsurumi Mitsui Outlet Park,,,,,,
410957183,way,Shopping,Shinsaibashisuji shopping Arcade,,,,,,
151816175,way,Shopping,Tempozan Market Place,,,,,,
44388847,way,Shopping,Tenjinbashi,,,,,,
2681858855,node,Shopping,Whity Umeda,,,,,,
331047951,way,Shopping,Zipang Rinku Pleasure Town,,,,,,
368229019,way,Tourism,Big bang,,,,,,
43979655,way,Tourism,Cosmo Tower,,,,,,
54038477,way,Tourism,Ebisu Bridge,,,,,,
222438727,way,Tourism,Expo70 Park,,,,,,
4325335299,node,Tourism,Floating Garden Observatory,,,,,,
71400321,way,Tourism,Hanshin Koshien Stadium,,,,,,
1423057296,node,Tourism,Horie,,,,,,
1423006445,node,Tourism,Kokuritsu Kokusai Bijutsukan,,,,,,
1422981417,node,Tourism,Maritime Museum,,,,,,
161762460,way,Tourism,Natural Hot Spring Naniwanoyu,,,,,,
4260333992,node,Tourism,Osaka Aquarium,,,,,,
220335564,node,Tourism,Osaka Prefectural Police,,,,,,
151816196,way,Tourism,Santa Maria,,,,,,
424575109,way,Tourism,Sennichimae Doguyasuji Shopping Street,,,,,,
4419665990,node,Tourism,The Osaka Museum of Housing and Living,,,,,,
4236890989,node,Tourism,Tsutenkaku,,,,,,
4119084200,node,Hotel,Adagio City Aparthotel Opera,,,,,,
2696636915,node,Hotel,Alma,,,,,,
4280390397,node,Hotel,Atelier Saint Germain Hotel,,,,,,
3087190241,node,Hotel,Hotel du Cadran,,,,,,
2179799064,node,Hotel,Hotel Paris Bastille,,,,,,
591672596,node,Hotel,Hotel Pont Royal,,,,,,
308530497,node,Hotel,Hotel Scribe Paris Managed by Sofitel,,,,,,
839871988,node,Hotel,Hoteldu Collectionneur Arcde Triomphe,,,,,,
3974816593,node,Hotel,Les Jardins du Marais,,,,,,
810252727,node,Hotel,Mathis Elysees Matignon,,,,,,
900669295,node,Hotel,Pullman Paris Bercy,,,,,,
54108370,way,Hotel,Pullman Paris Tour Eiffel,,,,,,
290831774,node,Hotel,Radisson Blu Charles de Gaulle Airport,,,,,,
2061878947,node,Hotel,Renaissance Paris Arc de Triomphe Hotel,,,,,,
676748293,node,Hotel,Residence Henri IV,,,,,,
4462604025,node,Restaurant,Au Petit Sud Ouest,,,,,,
37775876,way,Tourism,Boulevard Haussmann,,,,,,
34677039,way,Tourism,Boulevard Saint - Germain,,,,,,
1920884203,node,Restaurant,Broceliande,,,,,,
3934696306,node,Restaurant,Chez Marie Louise,,,,,,
2531553523,node,Shopping,City Pharma,,,,,,
2656051565,node,Shopping,Fauchon,,,,,,
1649702469,node,Shopping,Fauchon,,,,,,
81750472,node,Shopping,Fauchon,,,,,,
3980764069,node,Shopping,Fragonard,,,,,,
3468001142,node,Shopping,Fragonard,,,,,,
2389317628,node,Shopping,Fragonard,,,,,,
727718898,node,Shopping,Galeries Lafayette,,,,,,
1805513394,node,Restaurant,H?tel Drouot,,,,,,
2036561924,node,Restaurant,Hermes,,,,,,
3058148651,node,Restaurant,L'Ange 20 Restaurant,,,,,,
3429451872,node,Restaurant,L'Ange 20 Restaurant,,,,,,
3621829493,node,Restaurant,La Chocolaterie de Jacques Genin,,,,,,
68730159,way,Restaurant,Le Bon Marché,,,,,,
50395707,way,Restaurant,Le Bon Marché,,,,,,
2685582243,node,Restaurant,Le Cinq,,,,,,
1670553014,node,Restaurant,Le Grand Café Capucines,,,,,,
2320476429,node,Restaurant,Les Papilles,,,,,,
1871182833,node,Shopping,Louis Vuitton Boutique,,,,,,
2039657538,node,Shopping,Louis Vuitton Boutique,,,,,,
840706590,node,Restaurant,Pedra Alta,,,,,,
67509823,way,Tourism,Rennes Road,,,,,,
916527542,node,Restaurant,Tati,,,,,,
1191424069,node,Tourism,29 avenue Rapp,,,,,,
41873007,way,Tourism,Avenue des Champs-élysées,,,,,,
106312008,way,Tourism,école Militaire,,,,,,
93903779,way,Tourism,L'église Saint - Mehta,,,,,,
59848724,way,Tourism,L'Université de route,,,,,,
3437272462,node,Tourism,La maison de Mme Arthur,,,,,,
95475856,way,Tourism,Les caractéristiques faciales de jardin,,,,,,
4221369,way,Tourism,Paris Botanical Garden,,,,,,
409228408,way,Tourism,Payot,,,,,,
4039351,way,Tourism,Place de la Concorde,,,,,,
19727160,way,Tourism,Pont des Arts,,,,,,
84867920,way,Tourism,Rue St-Dominique,,,,,,
2498059218,node,Hotel,Angsana Laguna Phuket Hotel,,,,,,
1371509709,node,Hotel,Boomerang Village Resort,,,,,,
4410742589,node,Hotel,Grand Mercure Phuket Patong,,,,,,
1189619789,node,Hotel,Katathani Phuket Beach Resort,,,,,,
3921155988,node,Hotel,Novotel Phuket Karon Beach Resort and Spa,,,,,,
4105263194,node,Hotel,The Kiri Villas Resort,,,,,,
64942893,way,Restaurant,Banzaan Fresh Market,,,,,,
261487463,way,Restaurant,Blue Elephant Phuket,,,,,,
322839502,way,Restaurant,Eightfold Restaurant,,,,,,
1319826677,node,Restaurant,Kan Eang pier,,,,,,
793092027,node,Restaurant,Patong Seafood Restaurant,,,,,,
793151165,node,Restaurant,Pizzeria Pinocchio,,,,,,
3921155992,node,Restaurant,Secret Cliff Restaurant,,,,,,
2498063291,node,Restaurant,Thavorn Beach Village&Spa,,,,,,
793092174,node,Shopping,Banana Walk,,,,,,
4039738604,node,Shopping,Big C Jungceylon,,,,,,
4039738604,node,Shopping,Boots SIS Big C Extra Phuket 2,,,,,,
413538956,way,Shopping,Central Festival Phuket,,,,,,
65641251,way,Shopping,Jungceylon,,,,,,
3921137743,node,Shopping,King Power Duty Free Shop,,,,,,
4292203389,node,Shopping,Phuket Town Night Market,,,,,,
4292203389,node,Shopping,Phuket Weekend Market,,,,,,
1082365218,node,Shopping,Premium Outlet Phuket,,,,,,
301802397,way,Shopping,Robinson Department Store,,,,,,
301802397,way,Shopping,Robinson Department Store (Robinson Phuket),,,,,,
385789120,way,Shopping,Shopping Sale Karon Plaza,,,,,,
321326472,way,Shopping,Tesco Lotus Chiang Thaley,,,,,,
321326472,way,Shopping,Tesco Lotus Phuket,,,,,,
2506866194,node,Tourism,Chalong Bay,,,,,,
2420388160,node,Tourism,heroines monument,,,,,,
5805205,relation,Tourism,Hong Island,,,,,,
363598989,way,Tourism,Kai nok island,,,,,,
4235947,relation,Tourism,Kata Beach,,,,,,
363598989,way,Tourism,khai nok island,,,,,,
88708444,node,Tourism,koh yao yai,,,,,,
88708444,node,Tourism,Koh Yao Yai,,,,,,
265689795,node,Tourism,Laem Phromthep,,,,,,
2421130506,node,Tourism,Lh Samah Bay,,,,,,
53166566,way,Tourism,Nai Thon Beach,,,,,,
135015785,way,Tourism,Paradise Beach,,,,,,
63047210,way,Tourism,Patong Beach,,,,,,
321459076,way,Tourism,Phi Phi Island,,,,,,
321459076,way,Tourism,Phi Phi Island,,,,,,
2638386295,node,Tourism,Phuket Seashell Museum,,,,,,
5660749,relation,Tourism,Racha Island,,,,,,
5653247,relation,Tourism,Rang Yai Island,,,,,,
150200806,way,Tourism,Rawai Beach,,,,,,
2674588438,node,Tourism,Sai Kaeo Beach,,,,,,
3263607,relation,Tourism,Similan National,,,,,,
2421004322,node,Tourism,Surin Islands,,,,,,
243010402,way,Tourism,The Khao Phra Thaeo Wildlife Sanctuary,,,,,,
2480245079,node,Tourism,Viking Cave,,,,,,
663318915,node,Tourism,Wat Patong,,,,,,
3087207083,node,Hotel,Best Western Hotel Artdeco,,,,,,
1396488786,node,Hotel,Best Western Hotel President,,,,,,
3052495269,node,Hotel,Capo D'Africa Hotel,,,,,,
4233959889,node,Hotel,Dei Borgia Hotel,,,,,,
1242055819,node,Hotel,Eurostars Hotel Saint John,,,,,,
130807525,way,Hotel,Grand Hotel De La Minerve,,,,,,
1107358582,node,Hotel,Hotel Astoria Garden,,,,,,
4249210789,node,Hotel,Hotel Condotti,,,,,,
668954580,node,Hotel,Hotel Fontanella Borghese,,,,,,
3642570266,node,Hotel,Starhotels Metropole,,,,,,
2627732060,node,Restaurant,Buccone,,,,,,
935387227,node,Restaurant,Forno Campo de' Fiori,,,,,,
3061568273,node,Restaurant,Gelateria Valentino,,,,,,
1703104111,node,Restaurant,Gino in vicolo Rosini,,,,,,
32631124,node,Restaurant,Giolitti,,,,,,
259659463,node,Restaurant,Giolitti,,,,,,
2580279567,node,Restaurant,Il Cavalluccio Marino,,,,,,
2274388003,node,Restaurant,Sensus Restaurant,,,,,,
4283615592,node,Restaurant,Trattoria Antica Hostaria da Angelino,,,,,,
1710679145,node,Shopping,Bookàbar,,,,,,
3264009445,node,Shopping,Campo Marzio Design,,,,,,
321995537,way,Shopping,Castel Romano Designer Outlet,,,,,,
361651629,way,Shopping,Coin,,,,,,
1561730345,node,Shopping,Coin,,,,,,
1391602797,node,Shopping,Coin,,,,,,
49304929,way,Shopping,Corso Street,,,,,,
27144794,way,Shopping,Fabriano,,,,,,
24191413,way,Shopping,Mercato dei Fiori,,,,,,
181418699,way,Shopping,Mercato di Piazza Vittorio,,,,,,
26784878,way,Shopping,Piazza di Spagna,,,,,,
2768532703,node,Shopping,Upim,,,,,,
686151464,node,Shopping,Upim,,,,,,
1542593183,node,Tourism,Detour Cinema,,,,,,
1447566607,node,Tourism,Foro romano (Roman Forum),,,,,,
443194158,way,Tourism,Piazza San Pietro,,,,,,
248743046,node,Tourism,Terme di Diocleziano,,,,,,
2784747683,node,Hotel,Grand Ambassador Seoul Associated Pullman,,,,,,
3793800604,node,Hotel,Hotel Skypark Central Myeongdong,,,,,,
355625117,way,Hotel,Ibis Ambassador Seoul Myeongdong,,,,,,
358300388,node,Hotel,Lotte Seoul Hotel,,,,,,
368950971,node,Hotel,Mayfield Suites,,,,,,
1829310099,node,Hotel,Novotel Seoul Ambassador Doksan,,,,,,
368952098,node,Hotel,PJ Hotel,,,,,,
3792055880,node,Hotel,Sheel Hotel,,,,,,
4252609697,node,Hotel,Tmark Hotel Myeongdong,,,,,,
356215992,way,Restaurant,A Twosome Place By 51k,,,,,,
4416285798,node,Restaurant,Hello Kitty Cafe,,,,,,
223165016,node,Restaurant,Mad for Garlic,,,,,,
2453013729,node,Restaurant,MANGO SIX,,,,,,
355644299,way,Restaurant,Miss Lee Café,,,,,,
3612147545,node,Restaurant,Myeong Dong Dumpling Restaurant,,,,,,
4214820491,node,Restaurant,Tosokchon Samgyetang,,,,,,
3611958279,node,Shopping,Aland,,,,,,
357024175,node,Shopping,ERMENEGILDO ZEGNA,,,,,,
357024175,node,Shopping,ERMENEGILDO ZEGNA,,,,,,
357024175,node,Shopping,ERMENEGILDO ZEGNA,,,,,,
357024175,node,Shopping,ERMENEGILDO ZEGNA,,,,,,
3414261497,node,Shopping,Lotte Department Store,,,,,,
3414261497,node,Shopping,Lotte Department Store,,,,,,
368867401,node,Shopping,Seoul Folk Flea Market,,,,,,
355665708,way,Shopping,Ssamziegil,,,,,,
4243714890,node,Tourism,Bukchon Culture Center,,,,,,
26259470,way,Tourism,Dongdaemun Design Plaza,,,,,,
31286807,way,Tourism,FreedomBridge,,,,,,
300165909,way,Tourism,Itaewon Land,,,,,,
357018932,way,Tourism,Korea House,,,,,,
350284406,way,Tourism,Leeum Samsung Museum of Art,,,,,,
4384883589,node,Tourism,love museum,,,,,,
355592113,way,Tourism,Myeongdong NANTA Theatre,,,,,,
78628769,way,Tourism,Namsan Samsoon Stairs,,,,,,
1808686403,node,Tourism,National Theater of Korea,,,,,,
415153985,node,Tourism,Pear Mural Village,,,,,,
356474591,way,Tourism,S.M.Entertainment,,,,,,
3817579665,node,Tourism,Samsung Dlight,,,,,,
273026348,way,Tourism,Sky Park,,,,,,
37928409,way,Tourism,The Han River Grand Bridge,,,,,,
368735822,node,Tourism,Tteok Museum,,,,,,
2676440132,node,Tourism,World Cup Park,,,,,,
33807615,way,Hotel,Best Western Plus The Tuscan,,,,,,
112774492,way,Hotel,Courtyard San Francisco Downtown,,,,,,
288804933,way,Hotel,Hayes Valley Page by Come2SF,,,,,,
1941537172,node,Hotel,Hilton San Francisco Union Square Hotel,,,,,,
3826400,relation,Hotel,Holiday Inn Fishermans Wharf,,,,,,
648270469,node,Hotel,Hotel Nikko San Francisco,,,,,,
288499856,way,Hotel,InterContinental Mark Hopkins San Francisco,,,,,,
3827695,relation,Hotel,San Francisco Marriott Fisherman's Wharf,,,,,,
260127286,way,Hotel,Winston Arms Apartments,,,,,,
3317120154,node,Restaurant,Absinthe,,,,,,
223616923,way,Restaurant,Alembic,,,,,,
2629023876,node,Restaurant,Alice's,,,,,,
2840142901,node,Restaurant,Americano,,,,,,
256092423,way,Restaurant,Atlas Café,,,,,,
2657227485,node,Restaurant,Caffe Roma,,,,,,
1419473685,node,Restaurant,Isa,,,,,,
4196313093,node,Restaurant,R&G Lounge,,,,,,
3430953015,node,Restaurant,Shaoshan Mountain,,,,,,
3702219083,node,Restaurant,Tony's Pizza Napoletana,,,,,,
366711368,node,Restaurant,Tosca Cafe,,,,,,
979958085,node,Restaurant,Zabu Zabu,,,,,,
215472849,way,Shopping,Ambassador Toys,,,,,,
262051839,way,Shopping,Bi-Rite Market,,,,,,
2296383574,node,Shopping,Bi-Rite Market,,,,,,
332627424,node,Shopping,Bloomingdale's,,,,,,
806226986,node,Shopping,Clarion Music,,,,,,
416779714,node,Shopping,Marina Supermarket,,,,,,
2626604199,node,Shopping,Ranch 99 Supermarket,,,,,,
32863589,way,Shopping,Saks Fifth Avenue,,,,,,
365491272,node,Shopping,Sur la Table,,,,,,
6382083,way,Shopping,Union St,,,,,,
2340007204,node,Shopping,Urban Outfitters,,,,,,
256633163,way,Tourism,African - American history and culture in San Francisco,,,,,,
417235672,node,Tourism,Beach Chalet & Park Chalet,,,,,,
261139523,way,Tourism,Cable Cars,,,,,,
24539226,way,Tourism,Cow Palace,,,,,,
8919110,way,Tourism,Fisherman's Wharf,,,,,,
114151121,way,Tourism,Ina Coolbrith Park,,,,,,
287954700,way,Tourism,LincolnParkGolfCourse,,,,,,
4432602293,node,Tourism,Lombard Street,,,,,,
23871270,way,Tourism,Mission Dolores,,,,,,
115944818,way,Tourism,Old U.S. Mint,,,,,,
394443191,way,Tourism,San Francisco Bay Bridge,,,,,,
120480164,way,Tourism,San Francisco Botanical Garden & Strybing Arboretum,,,,,,
1206749885,node,Tourism,SF Camerawork,,,,,,
39333460,way,Tourism,The 16th Avenue Tiled Steps Project,,,,,,
1180892723,node,Hotel,Angkor Miracle Resort&Spa,,,,,,
453274132,way,Hotel,Angkor Orchid Central Hotel,,,,,,
260872976,node,Hotel,Angkor Paradise Hotel,,,,,,
323319995,way,Hotel,Borei Angkor Resort & Spa,,,,,,
1059200071,node,Hotel,Emerald City Hotel,,,,,,
1105616172,node,Hotel,HanumanAlaya Boutique Residence,,,,,,
3294769516,node,Hotel,Krorma Yamato Guesthouse,,,,,,
453276848,way,Hotel,Le Méridien Angkor,,,,,,
3112115048,node,Hotel,Motherhome Inn,,,,,,
4246239490,node,Hotel,Palm Garden Lodge,,,,,,
2555412304,node,Hotel,Park Hyatt Siem Reap,,,,,,
2051799868,node,Hotel,Sweet Dreams Guesthouse,,,,,,
3294769541,node,Hotel,The Moon Villa & Spa,,,,,,
3343177439,node,Restaurant,Café Indochine,,,,,,
792506877,node,Restaurant,Cambodian BBQ,,,,,,
4281767194,node,Restaurant,Khmer Kitchen Restaurant,,,,,,
372434804,way,Restaurant,Le Malraux,,,,,,
1058861277,node,Restaurant,Molly Malone's,,,,,,
792506869,node,Restaurant,Red Piano Restaurant,,,,,,
3929905433,node,Restaurant,Taj Mahal Restaurant,,,,,,
790702881,node,Restaurant,temple club,,,,,,
2841140519,node,Restaurant,The Blue Pumpkin,,,,,,
2555412323,node,Restaurant,The Blue Pumpkin,,,,,,
580341233,node,Restaurant,The Soup Dragon,,,,,,
2024672672,node,Shopping,Angkor Market,,,,,,
28409110,way,Shopping,Angkor Night Market,,,,,,
19728981,way,Shopping,Central Market,,,,,,
372211993,way,Shopping,Lucky Mall,,,,,,
4278186301,node,Shopping,Made In Cambodia Market,,,,,,
191526660,way,Shopping,Siem Reap Art Center Market,,,,,,
1058915831,node,Tourism,Cambodia Mines Museum,,,,,,
190539051,way,Tourism,Cambodia War Museum,,,,,,
228054152,way,Tourism,Chau Srei Vibol,,,,,,
4422204592,node,Tourism,McDermott Gallery,,,,,,
4318464900,node,Tourism,Miniature Replicas of Angkor’s Temples,,,,,,
44877913,way,Tourism,Pub Street,,,,,,
6709424,relation,Tourism,Royal Gardens,,,,,,
372216939,way,Tourism,Royal Residence,,,,,,
4436241272,node,Tourism,south gate,,,,,,
194606853,way,Tourism,Tep Pranam,,,,,,
5638825,relation,Tourism,Tonle Sap,,,,,,
4110417468,node,Tourism,Victory Gate of the Angkor Thom,,,,,,
172870509,way,Tourism,Wat Bo,,,,,,
172870510,way,Tourism,Wat Damnak,,,,,,
279502654,way,Tourism,Wat Thmei,,,,,,
4302905919,node,Hotel,Blissful Loft,,,,,,
4302905947,node,Hotel,Crowne Plaza Changi Airport,,,,,,
4302905959,node,Hotel,Holiday Inn Express Singapore Clarke Quay,,,,,,
4302905820,node,Hotel,Hotel Jen Orchardgateway Singapore,,,,,,
4302906136,node,Hotel,Pan Pacific Singapore,,,,,,
4302903883,node,Hotel,Resorts World Sentosa - Festive Hotel,,,,,,
4302906083,node,Hotel,Shangri - La's Rasa Sentosa Resort & Spa,,,,,,
174262780,way,Hotel,Somerset Liang Court Singapore,,,,,,
4302906351,node,Hotel,The Club Hotel,,,,,,
4302906141,node,Hotel,"The Ritz - Carlton, Millenia Singapore",,,,,,
4302906145,node,Hotel,The Southbridge Hotel,,,,,,
190945745,way,Hotel,The Sultan,,,,,,
4302906152,node,Hotel,Urban Hostel,,,,,,
965693389,node,Restaurant,Boon Tong Kee,,,,,,
154418183,way,Restaurant,Gordon Grill,,,,,,
372345031,way,Restaurant,Kashmir,,,,,,
602549219,node,Restaurant,Maxwell Road Hawker Centre,,,,,,
364429838,way,Restaurant,Rong Chen Bak Kut The,,,,,,
241260237,way,Restaurant,Samy's Curry Restaurant,,,,,,
47298639,way,Restaurant,Tian Tian Hainanese Chicken Rice,,,,,,
44414531,way,Shopping,Bras Basah Complex Merchants Association,,,,,,
47298646,way,Shopping,Chinatown Complex,,,,,,
222839478,way,Shopping,Citylink Mall,,,,,,
46518147,way,Shopping,DFS T Galleria（Singapore）,,,,,,
3759861923,node,Shopping,Eu Yan Sang,,,,,,
3759118175,node,Shopping,Eu Yan Sang,,,,,,
3756802251,node,Shopping,Lim Chee Guan,,,,,,
41889999,way,Shopping,Orchard Central,,,,,,
260954106,way,Shopping,Orchard Rd,,,,,,
172518503,way,Shopping,Pedro（Wisma Atria）,,,,,,
46595137,way,Shopping,Suntec City Mall,,,,,,
2298319,relation,Shopping,The Shoppes at Marine Bay Sands,,,,,,
2353588,relation,Shopping,Vivo City,,,,,,
149965102,way,Tourism,Boat Quey,,,,,,
315753904,way,Tourism,Changi Museum & Chapel,,,,,,
171979089,way,Tourism,Chinese Garden,,,,,,
49968763,way,Tourism,Chinese Heritage Centre,,,,,,
1769151050,node,Tourism,Crane Dance,,,,,,
164881537,way,Tourism,Double Helix Bridge,,,,,,
4299341989,node,Tourism,Double Helix Bridge,,,,,,
180101834,way,Tourism,Eurasian Heritage Centre,,,,,,
171142595,way,Tourism,Flower Dome,,,,,,
49890775,way,Tourism,Formula 1 Singapore Grand Prix,,,,,,
3686388539,node,Tourism,Imbiah,,,,,,
1138656193,node,Tourism,Mandai Orchid Gardens,,,,,,
176326990,way,Tourism,Masjid Abdul Gafoor,,,,,,
343746558,way,Tourism,Mount Faber Park,,,,,,
3756807018,node,Tourism,Singapor Coins and Notes Museum,,,,,,
95762799,way,Tourism,Singapore Chinese Chamber of Commerce,,,,,,
48045887,way,Tourism,Sri Krishnan Temple,,,,,,
155986465,way,Tourism,St. Joseph's Church,,,,,,
159477291,way,Tourism,Tanjong Beach,,,,,,
1868203039,node,Tourism,Tanjong Beach,,,,,,
2511053953,node,Tourism,Tanjong Pagar Conservation Area,,,,,,
243427705,way,Tourism,The Arts House,,,,,,
174286661,way,Tourism,Town of woodland Gardens,,,,,,
4449920089,node,Tourism,Tokyo Imperial Palace,,,,,,
4124953090,node,Tourism,Tokyo Sky Tree Town,,,,,,
2265558113,node,Tourism,Ueno Park,,,,,,
5414648,relation,Tourism,The University of Tokyo,,,,,,
2768956946,node,Tourism,International Library of C hildren's Literature,,,,,,
149833563,way,Tourism,Miraikan -- National Museum of Emerging Science and Innovation,,,,,,
2273573463,node,Tourism,Jiyugaoka,,,,,,
290141515,way,Tourism,Yukikuni-kan,,,,,,
4203713492,node,Tourism,Odaiba Megaweb,,,,,,
149192547,way,Tourism,Naritasan Shinshō-ji,,,,,,
4400596190,node,Tourism,Tokyometropolitan Theatre,,,,,,
145394369,way,Tourism,Marunouchi-Nakadori Building,,,,,,
167055431,way,Tourism,Tokyo Trick Art Museum,,,,,,
475090904,node,Hotel,Shinjuku Prince Hotel,,,,,,
138522509,way,Hotel,Hotel Sunroute Plaza Shinjuku,,,,,,
3623054193,node,Hotel,Hotel Gracery Shinjuku,,,,,,
321575117,way,Hotel,Hotel Nikko Narita,,,,,,
44776139,way,Hotel,Asakusa View Hotel,,,,,,
582347970,node,Hotel,InterContinental ANA Tokyo,,,,,,
1494149076,node,Hotel,The Capitol Hotel Tokyu,,,,,,
228162155,way,Hotel,Toyoko Inn Tokyo Nihon-bashi,,,,,,
171848774,way,Hotel,Keio Presso Inn Kayabacho,,,,,,
3558591847,node,Hotel,Hotel Villa Fontaine Roppongi,,,,,,
170415674,way,Hotel,Parkside Tokyo Hotel,,,,,,
393307193,way,Hotel,APA Hotel Ningyocho Ekikiita,,,,,,
2405013092,node,Restaurant,Udon Maruka,,,,,,
3163200072,node,Restaurant,Yakiniku Fufutei (Ikebukuro Higashiguchi Ekimae Ten),,,,,,
3411746404,node,Restaurant,Ningyocho Imahan,,,,,,
2212617866,node,Restaurant,Onyasai (Shinjku Higashiguchi Ekimae Ten),,,,,,
3340683544,node,Restaurant,Onyasai (Shinjku Higashiguchi Ekimae Ten),,,,,,
3397737048,node,Restaurant,Onyasai (Shinjku Higashiguchi Ekimae Ten),,,,,,
688657370,node,Restaurant,Kanda Yabu Soba,,,,,,
3163200072,node,Restaurant,Yakiniku Karubichan (Shinjuku Ten),,,,,,
1138633140,node,Restaurant,Kamiya Bar,,,,,,
2883449855,node,Restaurant,Yabaton,,,,,,
219645624,way,Restaurant,China Room,,,,,,
162139696,way,Shopping,IDC OTSUKA,,,,,,
1377643958,node,Shopping,Bic camera,,,,,,
2291210698,node,Shopping,Bic camera,,,,,,
4072637112,node,Shopping,Bic camera,,,,,,
116710254,way,Shopping,Bic camera,,,,,,
182534373,way,Shopping,Bic camera,,,,,,
4413487289,node,Shopping,TOY PARK,,,,,,
1968421045,node,Shopping,Mitsukoshi,,,,,,
4480953693,node,Shopping,Nakamise-dori Street,,,,,,
727069690,node,Shopping,uniqlo,,,,,,
145407027,way,Shopping,First Avenue Takyo Station,,,,,,
4413487289,node,Shopping,Hakuhinkan,,,,,,
703687902,node,Shopping,Don Quijote,,,,,,
338877811,node,Shopping,Daiso,,,,,,
990952288,node,Shopping,AzabuJuban,,,,,,
